,send_time,recv_time
0,1701357472.4918427,
1,1701357472.4918427,
2,1701357472.4918427,
3,1701357472.4918427,
4,1701357472.4918427,
5,1701357472.4918427,
6,1701357472.4918427,
7,1701357472.49284,
8,1701357472.49284,
9,1701357472.49284,
