,send_time,recv_time
0,1701357060.1584175,
1,1701357060.1584175,
2,1701357060.1594627,
3,1701357060.1594627,
4,1701357060.1594627,
5,1701357060.1594627,
6,1701357060.1604118,
7,1701357060.1604118,
8,1701357060.1604118,
9,1701357060.1604118,
