,send_time,recv_time
0,1701357470.5766091,1701357470.8099828
1,1701357470.5766091,1701357470.8099828
2,1701357470.5766091,1701357470.808985
3,1701357470.5766091,1701357470.808985
4,1701357470.5766091,1701357470.8099828
5,1701357470.5766091,1701357470.8099828
6,1701357470.5766091,1701357470.8099828
7,1701357470.5766091,1701357470.8099828
8,1701357470.5766091,1701357470.8099828
9,1701357470.5776103,1701357470.8099828
