,send_time,recv_time
0,1701357607.0674243,
1,1701357607.0674243,
2,1701357607.0684443,
3,1701357607.0684443,
4,1701357607.0694213,
5,1701357607.0694213,
6,1701357607.0694213,
7,1701357607.0704286,
8,1701357607.0704286,
9,1701357607.0704286,
