,send_time,recv_time
0,1701357032.723363,1701357032.9336476
1,1701357032.723363,1701357032.9346454
2,1701357032.723363,1701357032.9336476
3,1701357032.723363,1701357032.9336476
4,1701357032.723363,1701357032.9346454
5,1701357032.723363,1701357032.9346454
6,1701357032.723363,1701357032.9346454
7,1701357032.723363,1701357032.9346454
8,1701357032.723363,1701357032.9346454
9,1701357032.723363,1701357032.93764
