,send_time,recv_time
0,1701357475.4700742,1701357475.703305
1,1701357475.4844382,1701357475.717938
2,1701357475.5006053,1701357475.7331777
3,1701357475.5160325,1701357475.7501328
4,1701357475.5312083,1701357475.7649484
5,1701357475.546578,1701357475.7789085
6,1701357475.5621133,1701357475.7948647
7,1701357475.5787761,1701357475.8118258
8,1701357475.5934312,1701357475.8300085
9,1701357475.610062,1701357475.848691
