,send_time,recv_time
0,1701356861.866589,1701356862.091619
1,1701356861.8818245,1701356862.1068976
2,1701356861.897852,1701356862.1222286
3,1701356861.9130719,1701356862.14018
4,1701356861.9287794,1701356862.1561382
5,1701356861.9451036,1701356862.16711
6,1701356861.961874,1701356862.1910484
7,1701356861.9770036,1701356862.1990206
8,1701356861.99375,1701356862.2169733
9,1701356862.0087082,1701356862.231934
